{"cameraMode":{"drawMode":0,"name":"Shaded","section":"Shading Mode"},"sceneLighting":false,"audioPlay":false,"sceneViewState":{"showFog":true,"showMaterialUpdate":false,"showSkybox":false,"showFlares":true,"showImageEffects":true,"showParticleSystems":true},"in2DMode":false,"pivot":{"x":29.593198776245118,"y":0.5434491038322449,"z":7.296309471130371},"rotation":{"x":-0.12943176925182343,"y":-0.39117929339408877,"z":0.055564314126968387,"w":-0.9095963835716248},"size":4.6432647705078129,"orthographic":false}